session,mouse,session_ALM_neuron_index,source_unit_index,global_neuron_id
RGT64_20250417,RGT64,1,1,1
RGT64_20250417,RGT64,2,2,2
RGT64_20250417,RGT64,3,3,3
RGT64_20250417,RGT64,4,4,4
RGT64_20250417,RGT64,5,5,5
RGT64_20250417,RGT64,6,6,6
RGT64_20250417,RGT64,7,7,7
RGT64_20250417,RGT64,8,8,8
RGT64_20250417,RGT64,9,9,9
RGT64_20250417,RGT64,10,10,10
RGT64_20250417,RGT64,11,11,11
RGT64_20250417,RGT64,12,12,12
RGT64_20250417,RGT64,13,13,13
RGT64_20250417,RGT64,14,14,14
RGT64_20250417,RGT64,15,15,15
RGT64_20250417,RGT64,16,16,16
RGT64_20250417,RGT64,17,17,17
RGT64_20250417,RGT64,18,18,18
RGT64_20250417,RGT64,19,19,19
RGT64_20250417,RGT64,20,20,20
RGT64_20250417,RGT64,21,21,21
RGT64_20250417,RGT64,22,22,22
RGT64_20250417,RGT64,23,23,23
RGT64_20250417,RGT64,24,24,24
RGT64_20250417,RGT64,25,25,25
RGT64_20250417,RGT64,26,26,26
RGT64_20250417,RGT64,27,27,27
RGT64_20250417,RGT64,28,28,28
RGT64_20250417,RGT64,29,29,29
RGT64_20250417,RGT64,30,30,30
RGT64_20250417,RGT64,31,31,31
RGT64_20250417,RGT64,32,32,32
RGT64_20250417,RGT64,33,33,33
RGT64_20250417,RGT64,34,34,34
RGT64_20250417,RGT64,35,35,35
RGT64_20250417,RGT64,36,36,36
RGT64_20250417,RGT64,37,37,37
RGT64_20250417,RGT64,38,38,38
RGT64_20250417,RGT64,39,39,39
RGT64_20250417,RGT64,40,40,40
RGT64_20250417,RGT64,41,41,41
RGT64_20250417,RGT64,42,42,42
RGT64_20250417,RGT64,43,43,43
RGT64_20250417,RGT64,44,44,44
RGT64_20250417,RGT64,45,45,45
RGT64_20250417,RGT64,46,46,46
RGT64_20250417,RGT64,47,47,47
RGT64_20250417,RGT64,48,48,48
RGT64_20250417,RGT64,49,49,49
RGT64_20250417,RGT64,50,50,50
RGT64_20250417,RGT64,51,51,51
RGT64_20250417,RGT64,52,52,52
RGT64_20250417,RGT64,53,53,53
RGT64_20250417,RGT64,54,54,54
RGT64_20250417,RGT64,55,55,55
RGT64_20250417,RGT64,56,56,56
RGT64_20250417,RGT64,57,57,57
RGT64_20250417,RGT64,58,58,58
RGT64_20250417,RGT64,59,59,59
RGT64_20250417,RGT64,60,60,60
RGT64_20250417,RGT64,61,61,61
RGT64_20250417,RGT64,62,62,62
RGT64_20250417,RGT64,63,63,63
RGT64_20250417,RGT64,64,64,64
RGT64_20250417,RGT64,65,65,65
RGT64_20250417,RGT64,66,66,66
RGT64_20250417,RGT64,67,67,67
RGT64_20250417,RGT64,68,68,68
RGT64_20250417,RGT64,69,69,69
RGT64_20250417,RGT64,70,70,70
RGT64_20250417,RGT64,71,71,71
RGT64_20250417,RGT64,72,72,72
RGT64_20250417,RGT64,73,73,73
RGT64_20250417,RGT64,74,74,74
RGT64_20250417,RGT64,75,75,75
RGT64_20250417,RGT64,76,76,76
RGT64_20250417,RGT64,77,77,77
RGT64_20250417,RGT64,78,78,78
RGT64_20250417,RGT64,79,79,79
RGT64_20250417,RGT64,80,80,80
RGT64_20250417,RGT64,81,81,81
RGT64_20250417,RGT64,82,82,82
RGT64_20250417,RGT64,83,83,83
RGT64_20250417,RGT64,84,84,84
RGT64_20250417,RGT64,85,85,85
RGT64_20250417,RGT64,86,86,86
RGT64_20250417,RGT64,87,87,87
RGT64_20250417,RGT64,88,88,88
RGT64_20250417,RGT64,89,89,89
RGT64_20250417,RGT64,90,90,90
RGT64_20250417,RGT64,91,91,91
RGT64_20250417,RGT64,92,92,92
RGT64_20250417,RGT64,93,93,93
RGT64_20250417,RGT64,94,94,94
RGT64_20250417,RGT64,95,95,95
RGT64_20250417,RGT64,96,96,96
RGT64_20250417,RGT64,97,97,97
RGT64_20250417,RGT64,98,98,98
RGT64_20250417,RGT64,99,99,99
RGT64_20250417,RGT64,100,100,100
RGT64_20250417,RGT64,101,101,101
RGT64_20250417,RGT64,102,102,102
RGT64_20250417,RGT64,103,103,103
RGT64_20250417,RGT64,104,104,104
RGT64_20250417,RGT64,105,105,105
RGT64_20250417,RGT64,106,106,106
RGT64_20250417,RGT64,107,107,107
RGT64_20250417,RGT64,108,108,108
RGT64_20250417,RGT64,109,109,109
RGT64_20250417,RGT64,110,110,110
RGT64_20250417,RGT64,111,111,111
RGT64_20250417,RGT64,112,112,112
RGT64_20250417,RGT64,113,113,113
RGT64_20250417,RGT64,114,114,114
RGT64_20250417,RGT64,115,115,115
RGT64_20250417,RGT64,116,116,116
RGT64_20250417,RGT64,117,117,117
RGT64_20250417,RGT64,118,118,118
RGT64_20250417,RGT64,119,119,119
RGT64_20250417,RGT64,120,120,120
RGT64_20250417,RGT64,121,121,121
RGT64_20250417,RGT64,122,122,122
RGT64_20250417,RGT64,123,123,123
RGT64_20250417,RGT64,124,124,124
RGT64_20250417,RGT64,125,125,125
RGT64_20250417,RGT64,126,126,126
RGT64_20250417,RGT64,127,127,127
RGT64_20250417,RGT64,128,128,128
RGT64_20250417,RGT64,129,129,129
RGT64_20250417,RGT64,130,130,130
RGT64_20250417,RGT64,131,131,131
RGT64_20250417,RGT64,132,132,132
RGT64_20250417,RGT64,133,133,133
RGT64_20250417,RGT64,134,134,134
RGT64_20250417,RGT64,135,135,135
RGT64_20250417,RGT64,136,136,136
RGT64_20250417,RGT64,137,137,137
RGT64_20250417,RGT64,138,138,138
RGT64_20250417,RGT64,139,139,139
RGT64_20250417,RGT64,140,140,140
RGT64_20250417,RGT64,141,141,141
RGT64_20250417,RGT64,142,142,142
RGT64_20250418,RGT64,1,1,143
RGT64_20250418,RGT64,2,2,144
RGT64_20250418,RGT64,3,3,145
RGT64_20250418,RGT64,4,4,146
RGT64_20250418,RGT64,5,5,147
RGT64_20250418,RGT64,6,6,148
RGT64_20250418,RGT64,7,7,149
RGT64_20250418,RGT64,8,8,150
RGT64_20250418,RGT64,9,9,151
RGT64_20250418,RGT64,10,10,152
RGT64_20250418,RGT64,11,11,153
RGT64_20250418,RGT64,12,12,154
RGT64_20250418,RGT64,13,13,155
RGT64_20250418,RGT64,14,14,156
RGT64_20250418,RGT64,15,15,157
RGT64_20250418,RGT64,16,16,158
RGT64_20250418,RGT64,17,17,159
RGT64_20250418,RGT64,18,18,160
RGT64_20250418,RGT64,19,19,161
RGT64_20250418,RGT64,20,20,162
RGT64_20250418,RGT64,21,21,163
RGT64_20250418,RGT64,22,22,164
RGT64_20250418,RGT64,23,23,165
RGT64_20250418,RGT64,24,24,166
RGT64_20250418,RGT64,25,25,167
RGT64_20250418,RGT64,26,26,168
RGT64_20250418,RGT64,27,27,169
RGT64_20250418,RGT64,28,28,170
RGT64_20250418,RGT64,29,29,171
RGT64_20250418,RGT64,30,30,172
RGT64_20250418,RGT64,31,31,173
RGT64_20250418,RGT64,32,32,174
RGT64_20250418,RGT64,33,33,175
RGT64_20250418,RGT64,34,34,176
RGT64_20250418,RGT64,35,35,177
RGT64_20250418,RGT64,36,36,178
RGT64_20250418,RGT64,37,37,179
RGT64_20250418,RGT64,38,38,180
RGT64_20250418,RGT64,39,39,181
RGT64_20250418,RGT64,40,40,182
RGT64_20250418,RGT64,41,41,183
RGT64_20250418,RGT64,42,42,184
RGT64_20250418,RGT64,43,43,185
RGT64_20250418,RGT64,44,44,186
RGT64_20250418,RGT64,45,45,187
RGT64_20250418,RGT64,46,46,188
RGT64_20250418,RGT64,47,47,189
RGT64_20250418,RGT64,48,48,190
RGT64_20250418,RGT64,49,49,191
RGT64_20250418,RGT64,50,50,192
RGT64_20250418,RGT64,51,51,193
RGT64_20250418,RGT64,52,52,194
RGT64_20250418,RGT64,53,53,195
RGT64_20250418,RGT64,54,54,196
RGT64_20250418,RGT64,55,55,197
RGT64_20250418,RGT64,56,56,198
RGT64_20250418,RGT64,57,57,199
RGT64_20250418,RGT64,58,58,200
RGT64_20250418,RGT64,59,59,201
RGT64_20250418,RGT64,60,60,202
RGT64_20250418,RGT64,61,61,203
RGT64_20250418,RGT64,62,62,204
RGT64_20250418,RGT64,63,63,205
RGT64_20250418,RGT64,64,64,206
RGT64_20250418,RGT64,65,65,207
RGT64_20250418,RGT64,66,66,208
RGT64_20250418,RGT64,67,67,209
RGT64_20250418,RGT64,68,68,210
RGT64_20250418,RGT64,69,69,211
RGT64_20250418,RGT64,70,70,212
RGT64_20250418,RGT64,71,71,213
RGT64_20250418,RGT64,72,72,214
RGT64_20250418,RGT64,73,73,215
RGT64_20250418,RGT64,74,74,216
RGT64_20250418,RGT64,75,75,217
RGT64_20250418,RGT64,76,76,218
RGT64_20250418,RGT64,77,77,219
RGT64_20250418,RGT64,78,78,220
RGT64_20250418,RGT64,79,79,221
RGT64_20250418,RGT64,80,80,222
RGT64_20250418,RGT64,81,81,223
RGT64_20250418,RGT64,82,82,224
RGT64_20250418,RGT64,83,83,225
RGT64_20250418,RGT64,84,84,226
RGT64_20250418,RGT64,85,85,227
RGT64_20250418,RGT64,86,86,228
RGT64_20250418,RGT64,87,87,229
RGT64_20250418,RGT64,88,88,230
RGT64_20250418,RGT64,89,89,231
RGT64_20250418,RGT64,90,90,232
RGT64_20250418,RGT64,91,91,233
RGT64_20250418,RGT64,92,92,234
RGT64_20250418,RGT64,93,93,235
RGT64_20250418,RGT64,94,94,236
RGT64_20250418,RGT64,95,95,237
RGT64_20250418,RGT64,96,96,238
RGT64_20250418,RGT64,97,97,239
RGT64_20250418,RGT64,98,98,240
RGT64_20250418,RGT64,99,99,241
RGT64_20250418,RGT64,100,100,242
RGT64_20250418,RGT64,101,101,243
RGT64_20250418,RGT64,102,102,244
RGT64_20250418,RGT64,103,103,245
RGT64_20250418,RGT64,104,104,246
RGT64_20250418,RGT64,105,105,247
RGT64_20250418,RGT64,106,106,248
RGT64_20250418,RGT64,107,107,249
RGT64_20250418,RGT64,108,108,250
RGT64_20250418,RGT64,109,109,251
RGT64_20250418,RGT64,110,110,252
RGT64_20250418,RGT64,111,111,253
RGT64_20250418,RGT64,112,112,254
RGT64_20250418,RGT64,113,113,255
RGT64_20250418,RGT64,114,114,256
RGT64_20250418,RGT64,115,115,257
RGT64_20250418,RGT64,116,116,258
RGT64_20250418,RGT64,117,117,259
RGT64_20250418,RGT64,118,118,260
RGT64_20250418,RGT64,119,119,261
RGT64_20250418,RGT64,120,120,262
RGT64_20250418,RGT64,121,121,263
RGT64_20250418,RGT64,122,122,264
RGT64_20250418,RGT64,123,123,265
RGT64_20250418,RGT64,124,124,266
RGT64_20250418,RGT64,125,125,267
RGT64_20250418,RGT64,126,126,268
RGT64_20250418,RGT64,127,127,269
RGT64_20250418,RGT64,128,128,270
RGT64_20250418,RGT64,129,129,271
RGT64_20250418,RGT64,130,130,272
RGT64_20250418,RGT64,131,131,273
RGT64_20250418,RGT64,132,132,274
RGT64_20250418,RGT64,133,133,275
RGT64_20250418,RGT64,134,134,276
RGT64_20250418,RGT64,135,135,277
RGT64_20250418,RGT64,136,136,278
RGT64_20250418,RGT64,137,137,279
RGT64_20250419,RGT64,1,1,280
RGT64_20250419,RGT64,2,2,281
RGT64_20250419,RGT64,3,3,282
RGT64_20250419,RGT64,4,4,283
RGT64_20250419,RGT64,5,5,284
RGT64_20250419,RGT64,6,6,285
RGT64_20250419,RGT64,7,7,286
RGT64_20250419,RGT64,8,8,287
RGT64_20250419,RGT64,9,9,288
RGT64_20250419,RGT64,10,10,289
RGT64_20250419,RGT64,11,11,290
RGT64_20250419,RGT64,12,12,291
RGT64_20250419,RGT64,13,13,292
RGT64_20250419,RGT64,14,14,293
RGT64_20250419,RGT64,15,15,294
RGT64_20250419,RGT64,16,16,295
RGT64_20250419,RGT64,17,17,296
RGT64_20250419,RGT64,18,18,297
RGT64_20250419,RGT64,19,19,298
RGT64_20250419,RGT64,20,20,299
RGT64_20250419,RGT64,21,21,300
RGT64_20250419,RGT64,22,22,301
RGT64_20250419,RGT64,23,23,302
RGT64_20250419,RGT64,24,24,303
RGT64_20250419,RGT64,25,25,304
RGT64_20250419,RGT64,26,26,305
RGT64_20250419,RGT64,27,27,306
RGT64_20250419,RGT64,28,28,307
RGT64_20250419,RGT64,29,29,308
RGT64_20250419,RGT64,30,30,309
RGT64_20250419,RGT64,31,31,310
RGT64_20250419,RGT64,32,32,311
RGT64_20250419,RGT64,33,33,312
RGT64_20250419,RGT64,34,34,313
RGT64_20250419,RGT64,35,35,314
RGT64_20250419,RGT64,36,36,315
RGT64_20250419,RGT64,37,37,316
RGT64_20250419,RGT64,38,38,317
RGT64_20250419,RGT64,39,39,318
RGT64_20250419,RGT64,40,40,319
RGT64_20250419,RGT64,41,41,320
RGT64_20250419,RGT64,42,42,321
RGT64_20250419,RGT64,43,43,322
RGT64_20250419,RGT64,44,44,323
RGT64_20250419,RGT64,45,45,324
RGT64_20250419,RGT64,46,46,325
RGT64_20250419,RGT64,47,47,326
RGT64_20250419,RGT64,48,48,327
RGT64_20250419,RGT64,49,49,328
RGT64_20250419,RGT64,50,50,329
RGT64_20250419,RGT64,51,51,330
RGT64_20250419,RGT64,52,52,331
RGT64_20250419,RGT64,53,53,332
RGT64_20250419,RGT64,54,54,333
RGT64_20250419,RGT64,55,55,334
RGT64_20250419,RGT64,56,56,335
RGT64_20250419,RGT64,57,57,336
RGT64_20250419,RGT64,58,58,337
RGT64_20250419,RGT64,59,59,338
RGT64_20250419,RGT64,60,60,339
RGT64_20250419,RGT64,61,61,340
RGT64_20250419,RGT64,62,62,341
RGT64_20250419,RGT64,63,63,342
RGT64_20250419,RGT64,64,64,343
RGT64_20250419,RGT64,65,65,344
RGT64_20250419,RGT64,66,66,345
RGT64_20250419,RGT64,67,67,346
RGT64_20250419,RGT64,68,68,347
RGT64_20250419,RGT64,69,69,348
RGT64_20250419,RGT64,70,70,349
RGT64_20250419,RGT64,71,71,350
RGT64_20250419,RGT64,72,72,351
RGT64_20250419,RGT64,73,73,352
RGT64_20250419,RGT64,74,74,353
RGT64_20250419,RGT64,75,75,354
RGT64_20250419,RGT64,76,76,355
RGT64_20250419,RGT64,77,77,356
RGT64_20250419,RGT64,78,78,357
RGT64_20250419,RGT64,79,79,358
RGT64_20250419,RGT64,80,80,359
RGT64_20250419,RGT64,81,81,360
RGT64_20250419,RGT64,82,82,361
RGT64_20250419,RGT64,83,83,362
RGT64_20250419,RGT64,84,84,363
RGT64_20250420,RGT64,1,1,364
RGT64_20250420,RGT64,2,2,365
RGT64_20250420,RGT64,3,3,366
RGT64_20250420,RGT64,4,4,367
RGT64_20250420,RGT64,5,5,368
RGT64_20250420,RGT64,6,6,369
RGT64_20250420,RGT64,7,7,370
RGT64_20250420,RGT64,8,8,371
RGT64_20250420,RGT64,9,9,372
RGT64_20250420,RGT64,10,10,373
RGT64_20250420,RGT64,11,11,374
RGT64_20250420,RGT64,12,12,375
RGT64_20250420,RGT64,13,13,376
RGT64_20250420,RGT64,14,14,377
RGT64_20250420,RGT64,15,15,378
RGT64_20250420,RGT64,16,16,379
RGT64_20250420,RGT64,17,17,380
RGT64_20250420,RGT64,18,18,381
RGT64_20250420,RGT64,19,19,382
RGT64_20250420,RGT64,20,20,383
RGT64_20250420,RGT64,21,21,384
RGT64_20250420,RGT64,22,22,385
RGT64_20250420,RGT64,23,23,386
RGT64_20250420,RGT64,24,24,387
RGT64_20250420,RGT64,25,25,388
RGT64_20250420,RGT64,26,26,389
RGT64_20250420,RGT64,27,27,390
RGT64_20250420,RGT64,28,28,391
RGT64_20250420,RGT64,29,29,392
RGT64_20250420,RGT64,30,30,393
RGT64_20250420,RGT64,31,31,394
RGT64_20250420,RGT64,32,32,395
RGT64_20250420,RGT64,33,33,396
RGT64_20250420,RGT64,34,34,397
RGT64_20250420,RGT64,35,35,398
RGT64_20250420,RGT64,36,36,399
RGT64_20250420,RGT64,37,37,400
RGT64_20250420,RGT64,38,38,401
RGT64_20250420,RGT64,39,39,402
RGT64_20250420,RGT64,40,40,403
RGT64_20250420,RGT64,41,41,404
RGT64_20250420,RGT64,42,42,405
RGT64_20250420,RGT64,43,43,406
RGT64_20250420,RGT64,44,44,407
RGT64_20250420,RGT64,45,45,408
RGT64_20250420,RGT64,46,46,409
RGT64_20250420,RGT64,47,47,410
RGT64_20250420,RGT64,48,48,411
RGT64_20250420,RGT64,49,49,412
RGT64_20250420,RGT64,50,50,413
RGT64_20250420,RGT64,51,51,414
RGT64_20250420,RGT64,52,52,415
RGT64_20250420,RGT64,53,53,416
RGT64_20250420,RGT64,54,54,417
RGT64_20250420,RGT64,55,55,418
RGT64_20250420,RGT64,56,56,419
RGT64_20250420,RGT64,57,57,420
RGT64_20250420,RGT64,58,58,421
RGT64_20250420,RGT64,59,59,422
RGT64_20250420,RGT64,60,60,423
RGT64_20250420,RGT64,61,61,424
RGT64_20250420,RGT64,62,62,425
RGT64_20250420,RGT64,63,63,426
RGT64_20250420,RGT64,64,64,427
RGT64_20250420,RGT64,65,65,428
RGT64_20250420,RGT64,66,66,429
RGT64_20250420,RGT64,67,67,430
RGT64_20250420,RGT64,68,68,431
RGT64_20250420,RGT64,69,69,432
RGT64_20250420,RGT64,70,70,433
RGT64_20250420,RGT64,71,71,434
RGT64_20250420,RGT64,72,72,435
RGT64_20250420,RGT64,73,73,436
RGT64_20250420,RGT64,74,74,437
RGT64_20250420,RGT64,75,75,438
RGT64_20250420,RGT64,76,76,439
RGT64_20250420,RGT64,77,77,440
RGT64_20250420,RGT64,78,78,441
RGT64_20250420,RGT64,79,79,442
RGT64_20250420,RGT64,80,80,443
RGT64_20250420,RGT64,81,81,444
RGT64_20250420,RGT64,82,82,445
RGT64_20250420,RGT64,83,83,446
RGT64_20250420,RGT64,84,84,447
RGT64_20250420,RGT64,85,85,448
RGT64_20250420,RGT64,86,86,449
RGT64_20250420,RGT64,87,87,450
RGT64_20250420,RGT64,88,88,451
RGT64_20250420,RGT64,89,89,452
RGT64_20250420,RGT64,90,90,453
RGT64_20250420,RGT64,91,91,454
RGT64_20250420,RGT64,92,92,455
RGT64_20250420,RGT64,93,93,456
RGT64_20250420,RGT64,94,94,457
RGT64_20250420,RGT64,95,95,458
RGT64_20250420,RGT64,96,96,459
RGT64_20250420,RGT64,97,97,460
RGT64_20250420,RGT64,98,98,461
RGT64_20250420,RGT64,99,99,462
RGT64_20250420,RGT64,100,100,463
RGT64_20250420,RGT64,101,101,464
RGT64_20250420,RGT64,102,102,465
RGT64_20250420,RGT64,103,103,466
RGT64_20250420,RGT64,104,104,467
RGT64_20250420,RGT64,105,105,468
RGT64_20250420,RGT64,106,106,469
RGT64_20250420,RGT64,107,107,470
RGT64_20250420,RGT64,108,108,471
RGT64_20250420,RGT64,109,109,472
RGT64_20250420,RGT64,110,110,473
RGT64_20250420,RGT64,111,111,474
RGT64_20250420,RGT64,112,112,475
RGT64_20250420,RGT64,113,113,476
RGT64_20250420,RGT64,114,114,477
RGT64_20250421,RGT64,1,1,478
RGT64_20250421,RGT64,2,2,479
RGT64_20250421,RGT64,3,3,480
RGT64_20250421,RGT64,4,4,481
RGT64_20250421,RGT64,5,5,482
RGT64_20250421,RGT64,6,6,483
RGT64_20250421,RGT64,7,7,484
RGT64_20250421,RGT64,8,8,485
RGT64_20250421,RGT64,9,9,486
RGT64_20250421,RGT64,10,10,487
RGT64_20250421,RGT64,11,11,488
RGT64_20250421,RGT64,12,12,489
RGT64_20250421,RGT64,13,13,490
RGT64_20250421,RGT64,14,14,491
RGT64_20250421,RGT64,15,15,492
RGT64_20250421,RGT64,16,16,493
RGT64_20250421,RGT64,17,17,494
RGT64_20250421,RGT64,18,18,495
RGT64_20250421,RGT64,19,19,496
RGT64_20250421,RGT64,20,20,497
RGT64_20250421,RGT64,21,21,498
RGT64_20250421,RGT64,22,22,499
RGT64_20250421,RGT64,23,23,500
RGT64_20250421,RGT64,24,24,501
RGT64_20250421,RGT64,25,25,502
RGT64_20250421,RGT64,26,26,503
RGT64_20250421,RGT64,27,27,504
RGT64_20250421,RGT64,28,28,505
RGT64_20250421,RGT64,29,29,506
RGT64_20250421,RGT64,30,30,507
RGT64_20250421,RGT64,31,31,508
RGT64_20250421,RGT64,32,32,509
RGT64_20250421,RGT64,33,33,510
RGT64_20250421,RGT64,34,34,511
RGT64_20250421,RGT64,35,35,512
RGT64_20250421,RGT64,36,36,513
RGT64_20250421,RGT64,37,37,514
RGT64_20250421,RGT64,38,38,515
RGT64_20250421,RGT64,39,39,516
RGT64_20250421,RGT64,40,40,517
RGT64_20250421,RGT64,41,41,518
RGT64_20250421,RGT64,42,42,519
RGT64_20250421,RGT64,43,43,520
RGT64_20250421,RGT64,44,44,521
RGT64_20250421,RGT64,45,45,522
RGT64_20250421,RGT64,46,46,523
RGT64_20250421,RGT64,47,47,524
RGT64_20250421,RGT64,48,48,525
RGT64_20250421,RGT64,49,49,526
RGT64_20250421,RGT64,50,50,527
RGT64_20250421,RGT64,51,51,528
RGT64_20250421,RGT64,52,52,529
RGT64_20250421,RGT64,53,53,530
RGT64_20250421,RGT64,54,54,531
RGT64_20250421,RGT64,55,55,532
RGT64_20250421,RGT64,56,56,533
RGT64_20250421,RGT64,57,57,534
RGT64_20250421,RGT64,58,58,535
RGT64_20250421,RGT64,59,59,536
RGT64_20250421,RGT64,60,60,537
RGT64_20250421,RGT64,61,61,538
RGT64_20250421,RGT64,62,62,539
RGT64_20250421,RGT64,63,63,540
RGT64_20250421,RGT64,64,64,541
RGT64_20250421,RGT64,65,65,542
RGT64_20250421,RGT64,66,66,543
RGT64_20250421,RGT64,67,67,544
RGT64_20250421,RGT64,68,68,545
RGT64_20250421,RGT64,69,69,546
RGT64_20250421,RGT64,70,70,547
RGT64_20250421,RGT64,71,71,548
RGT64_20250421,RGT64,72,72,549
RGT64_20250421,RGT64,73,73,550
RGT64_20250421,RGT64,74,74,551
RGT64_20250421,RGT64,75,75,552
RGT64_20250421,RGT64,76,76,553
RGT64_20250421,RGT64,77,77,554
RGT64_20250421,RGT64,78,78,555
RGT64_20250421,RGT64,79,79,556
RGT64_20250421,RGT64,80,80,557
RGT64_20250421,RGT64,81,81,558
RGT64_20250421,RGT64,82,82,559
RGT64_20250421,RGT64,83,83,560
RGT64_20250421,RGT64,84,84,561
RGT64_20250421,RGT64,85,85,562
RGT64_20250421,RGT64,86,86,563
RGT64_20250421,RGT64,87,87,564
RGT64_20250421,RGT64,88,88,565
RGT64_20250421,RGT64,89,89,566
RGT64_20250421,RGT64,90,90,567
RGT64_20250421,RGT64,91,91,568
RGT64_20250421,RGT64,92,92,569
RGT64_20250421,RGT64,93,93,570
RGT64_20250421,RGT64,94,94,571
RGT64_20250421,RGT64,95,95,572
RGT64_20250421,RGT64,96,96,573
RGT64_20250421,RGT64,97,97,574
RGT64_20250421,RGT64,98,98,575
RGT64_20250421,RGT64,99,99,576
RGT64_20250421,RGT64,100,100,577
RGT64_20250421,RGT64,101,101,578
RGT64_20250421,RGT64,102,102,579
RGT64_20250421,RGT64,103,103,580
RGT64_20250421,RGT64,104,104,581
RGT64_20250421,RGT64,105,105,582
RGT64_20250421,RGT64,106,106,583
RGT64_20250421,RGT64,107,107,584
RGT64_20250421,RGT64,108,108,585
RGT64_20250421,RGT64,109,109,586
RGT64_20250421,RGT64,110,110,587
RGT64_20250421,RGT64,111,111,588
RGT64_20250421,RGT64,112,112,589
RGT64_20250421,RGT64,113,113,590
RGT64_20250421,RGT64,114,114,591
RGT64_20250421,RGT64,115,115,592
RGT64_20250421,RGT64,116,116,593
RGT64_20250421,RGT64,117,117,594
RGT64_20250421,RGT64,118,118,595
RGT64_20250421,RGT64,119,119,596
RGT64_20250421,RGT64,120,120,597
RGT64_20250421,RGT64,121,121,598
RGT64_20250421,RGT64,122,122,599
RGT64_20250421,RGT64,123,123,600
RGT64_20250421,RGT64,124,124,601
RGT64_20250421,RGT64,125,125,602
RGT64_20250421,RGT64,126,126,603
RGT64_20250421,RGT64,127,127,604
RGT64_20250421,RGT64,128,128,605
RGT64_20250421,RGT64,129,129,606
RGT64_20250421,RGT64,130,130,607
RGT64_20250421,RGT64,131,131,608
RGT64_20250421,RGT64,132,132,609
RGT64_20250421,RGT64,133,133,610
RGT64_20250421,RGT64,134,134,611
RGT64_20250421,RGT64,135,135,612
RGT64_20250421,RGT64,136,136,613
RGT64_20250421,RGT64,137,137,614
RGT64_20250421,RGT64,138,138,615
RGT64_20250421,RGT64,139,139,616
RGT64_20250421,RGT64,140,140,617
RGT64_20250421,RGT64,141,141,618
RGT64_20250421,RGT64,142,142,619
RGT64_20250421,RGT64,143,143,620
RGT64_20250421,RGT64,144,144,621
RGT64_20250421,RGT64,145,145,622
RGT64_20250421,RGT64,146,146,623
RGT64_20250421,RGT64,147,147,624
RGT64_20250421,RGT64,148,148,625
RGT64_20250421,RGT64,149,149,626
RGT64_20250421,RGT64,150,150,627
RGT64_20250421,RGT64,151,151,628
RGT64_20250421,RGT64,152,152,629
RGT64_20250421,RGT64,153,153,630
RGT64_20250421,RGT64,154,154,631
RGT64_20250421,RGT64,155,155,632
RGT64_20250421,RGT64,156,156,633
RGT64_20250421,RGT64,157,157,634
RGT64_20250421,RGT64,158,158,635
RGT64_20250421,RGT64,159,159,636
RGT64_20250421,RGT64,160,160,637
RGT64_20250421,RGT64,161,161,638
RGT64_20250421,RGT64,162,162,639
RGT64_20250421,RGT64,163,163,640
RGT64_20250421,RGT64,164,164,641
RGT64_20250421,RGT64,165,165,642
RGT64_20250421,RGT64,166,166,643
RGT64_20250421,RGT64,167,167,644
RGT64_20250421,RGT64,168,168,645
RGT64_20250421,RGT64,169,169,646
RGT64_20250421,RGT64,170,170,647
RGT64_20250421,RGT64,171,171,648
RGT64_20250421,RGT64,172,172,649
RGT64_20250421,RGT64,173,173,650
RGT64_20250421,RGT64,174,174,651
RGT64_20250421,RGT64,175,175,652
RGT64_20250421,RGT64,176,176,653
RGT64_20250421,RGT64,177,177,654
RGT64_20250421,RGT64,178,178,655
RGT64_20250421,RGT64,179,179,656
RGT64_20250421,RGT64,180,180,657
RGT64_20250421,RGT64,181,181,658
RGT64_20250421,RGT64,182,182,659
RGT64_20250421,RGT64,183,183,660
RGT64_20250421,RGT64,184,184,661
RGT64_20250421,RGT64,185,185,662
RGT64_20250421,RGT64,186,186,663
RGT64_20250421,RGT64,187,187,664
RGT64_20250421,RGT64,188,188,665
RGT64_20250421,RGT64,189,189,666
RGT64_20250421,RGT64,190,190,667
RGT64_20250421,RGT64,191,191,668
RGT64_20250421,RGT64,192,192,669
RGT64_20250421,RGT64,193,193,670
RGT64_20250421,RGT64,194,194,671
RGT64_20250421,RGT64,195,195,672
RGT64_20250421,RGT64,196,196,673
RGT64_20250421,RGT64,197,197,674
RGT64_20250421,RGT64,198,198,675
RGT64_20250421,RGT64,199,199,676
RGT64_20250421,RGT64,200,200,677
RGT64_20250421,RGT64,201,201,678
RGT64_20250421,RGT64,202,202,679
RGT64_20250421,RGT64,203,203,680
RGT64_20250421,RGT64,204,204,681
RGT64_20250421,RGT64,205,205,682
RGT64_20250421,RGT64,206,206,683
RGT64_20250421,RGT64,207,207,684
RGT64_20250421,RGT64,208,208,685
RGT64_20250421,RGT64,209,209,686
RGT64_20250421,RGT64,210,210,687
RGT64_20250421,RGT64,211,211,688
RGT64_20250421,RGT64,212,212,689
RGT64_20250421,RGT64,213,213,690
RGT64_20250421,RGT64,214,214,691
RGT64_20250421,RGT64,215,215,692
RGT64_20250421,RGT64,216,216,693
RGT64_20250421,RGT64,217,217,694
RGT64_20250421,RGT64,218,218,695
RGT64_20250421,RGT64,219,219,696
RGT64_20250421,RGT64,220,220,697
RGT64_20250421,RGT64,221,221,698
RGT64_20250421,RGT64,222,222,699
RGT64_20250421,RGT64,223,223,700
RGT64_20250421,RGT64,224,224,701
RGT64_20250421,RGT64,225,225,702
RGT64_20250421,RGT64,226,226,703
RGT64_20250421,RGT64,227,227,704
RGT64_20250421,RGT64,228,228,705
RGT64_20250421,RGT64,229,229,706
RGT64_20250421,RGT64,230,230,707
RGT64_20250421,RGT64,231,231,708
RGT64_20250421,RGT64,232,232,709
RGT64_20250421,RGT64,233,233,710
RGT64_20250421,RGT64,234,234,711
RGT64_20250421,RGT64,235,235,712
RGT64_20250421,RGT64,236,236,713
RGT64_20250421,RGT64,237,237,714
RGT64_20250421,RGT64,238,238,715
RGT64_20250421,RGT64,239,239,716
RGT64_20250421,RGT64,240,240,717
RGT64_20250421,RGT64,241,241,718
RGT64_20250421,RGT64,242,242,719
RGT64_20250421,RGT64,243,243,720
RGT64_20250421,RGT64,244,244,721
RGT64_20250421,RGT64,245,245,722
RGT64_20250421,RGT64,246,246,723
RGT64_20250421,RGT64,247,247,724
RGT67_20250401,RGT67,1,1,725
RGT67_20250401,RGT67,2,2,726
RGT67_20250401,RGT67,3,3,727
RGT67_20250401,RGT67,4,4,728
RGT67_20250401,RGT67,5,5,729
RGT67_20250401,RGT67,6,6,730
RGT67_20250401,RGT67,7,7,731
RGT67_20250401,RGT67,8,8,732
RGT67_20250401,RGT67,9,9,733
RGT67_20250401,RGT67,10,10,734
RGT67_20250401,RGT67,11,11,735
RGT67_20250401,RGT67,12,12,736
RGT67_20250401,RGT67,13,13,737
RGT67_20250401,RGT67,14,14,738
RGT67_20250401,RGT67,15,15,739
RGT67_20250401,RGT67,16,16,740
RGT67_20250401,RGT67,17,17,741
RGT67_20250401,RGT67,18,18,742
RGT67_20250401,RGT67,19,19,743
RGT67_20250401,RGT67,20,20,744
RGT67_20250401,RGT67,21,21,745
RGT67_20250401,RGT67,22,22,746
RGT67_20250401,RGT67,23,23,747
RGT67_20250401,RGT67,24,24,748
RGT67_20250401,RGT67,25,25,749
RGT67_20250401,RGT67,26,26,750
RGT67_20250401,RGT67,27,27,751
RGT67_20250401,RGT67,28,28,752
RGT67_20250401,RGT67,29,29,753
RGT67_20250401,RGT67,30,30,754
RGT67_20250401,RGT67,31,31,755
RGT67_20250401,RGT67,32,32,756
RGT67_20250401,RGT67,33,33,757
RGT67_20250401,RGT67,34,34,758
RGT67_20250401,RGT67,35,35,759
RGT67_20250401,RGT67,36,36,760
RGT67_20250401,RGT67,37,37,761
RGT67_20250401,RGT67,38,38,762
RGT67_20250401,RGT67,39,39,763
RGT67_20250401,RGT67,40,40,764
RGT67_20250401,RGT67,41,41,765
RGT67_20250401,RGT67,42,42,766
RGT67_20250401,RGT67,43,43,767
RGT67_20250401,RGT67,44,44,768
RGT67_20250401,RGT67,45,45,769
RGT67_20250401,RGT67,46,46,770
RGT67_20250401,RGT67,47,47,771
RGT67_20250401,RGT67,48,48,772
RGT67_20250401,RGT67,49,49,773
RGT67_20250401,RGT67,50,50,774
RGT67_20250401,RGT67,51,51,775
RGT67_20250401,RGT67,52,52,776
RGT67_20250401,RGT67,53,53,777
RGT67_20250401,RGT67,54,54,778
RGT67_20250401,RGT67,55,55,779
RGT67_20250401,RGT67,56,56,780
RGT67_20250401,RGT67,57,57,781
RGT67_20250401,RGT67,58,58,782
RGT67_20250401,RGT67,59,59,783
RGT67_20250401,RGT67,60,60,784
RGT67_20250401,RGT67,61,61,785
RGT67_20250401,RGT67,62,62,786
RGT67_20250401,RGT67,63,63,787
RGT67_20250401,RGT67,64,64,788
RGT67_20250401,RGT67,65,65,789
RGT67_20250401,RGT67,66,66,790
RGT67_20250401,RGT67,67,67,791
RGT67_20250401,RGT67,68,68,792
RGT67_20250401,RGT67,69,69,793
RGT67_20250401,RGT67,70,70,794
RGT67_20250401,RGT67,71,71,795
RGT67_20250401,RGT67,72,72,796
RGT67_20250401,RGT67,73,73,797
RGT67_20250401,RGT67,74,74,798
RGT67_20250401,RGT67,75,75,799
RGT67_20250401,RGT67,76,76,800
RGT67_20250401,RGT67,77,77,801
RGT67_20250401,RGT67,78,78,802
RGT67_20250401,RGT67,79,79,803
RGT67_20250401,RGT67,80,80,804
RGT67_20250401,RGT67,81,81,805
RGT67_20250401,RGT67,82,82,806
RGT67_20250401,RGT67,83,83,807
RGT67_20250401,RGT67,84,84,808
RGT67_20250401,RGT67,85,85,809
RGT67_20250401,RGT67,86,86,810
RGT67_20250401,RGT67,87,87,811
RGT67_20250401,RGT67,88,88,812
RGT67_20250401,RGT67,89,89,813
RGT67_20250401,RGT67,90,90,814
RGT67_20250401,RGT67,91,91,815
RGT67_20250401,RGT67,92,92,816
RGT67_20250401,RGT67,93,93,817
RGT67_20250401,RGT67,94,94,818
RGT67_20250401,RGT67,95,95,819
RGT67_20250401,RGT67,96,96,820
RGT67_20250401,RGT67,97,97,821
RGT67_20250401,RGT67,98,98,822
RGT67_20250401,RGT67,99,99,823
RGT67_20250401,RGT67,100,100,824
RGT67_20250401,RGT67,101,101,825
RGT67_20250401,RGT67,102,102,826
RGT67_20250401,RGT67,103,103,827
RGT67_20250401,RGT67,104,104,828
RGT67_20250401,RGT67,105,105,829
RGT67_20250401,RGT67,106,106,830
RGT67_20250401,RGT67,107,107,831
RGT67_20250401,RGT67,108,108,832
RGT67_20250401,RGT67,109,109,833
RGT67_20250401,RGT67,110,110,834
RGT67_20250401,RGT67,111,111,835
RGT67_20250401,RGT67,112,112,836
RGT67_20250401,RGT67,113,113,837
RGT67_20250401,RGT67,114,114,838
RGT67_20250401,RGT67,115,115,839
RGT67_20250401,RGT67,116,116,840
RGT67_20250401,RGT67,117,117,841
RGT67_20250401,RGT67,118,118,842
RGT67_20250401,RGT67,119,119,843
RGT67_20250401,RGT67,120,120,844
RGT67_20250401,RGT67,121,121,845
RGT67_20250401,RGT67,122,122,846
RGT67_20250401,RGT67,123,123,847
RGT67_20250401,RGT67,124,124,848
RGT67_20250401,RGT67,125,125,849
RGT67_20250401,RGT67,126,126,850
RGT67_20250401,RGT67,127,127,851
RGT67_20250401,RGT67,128,128,852
RGT67_20250401,RGT67,129,129,853
RGT67_20250401,RGT67,130,130,854
RGT67_20250401,RGT67,131,131,855
RGT67_20250401,RGT67,132,132,856
RGT67_20250401,RGT67,133,133,857
RGT67_20250401,RGT67,134,134,858
RGT67_20250401,RGT67,135,135,859
RGT67_20250401,RGT67,136,136,860
RGT67_20250401,RGT67,137,137,861
RGT67_20250401,RGT67,138,138,862
RGT67_20250401,RGT67,139,139,863
RGT67_20250401,RGT67,140,140,864
RGT67_20250401,RGT67,141,141,865
RGT67_20250401,RGT67,142,142,866
RGT67_20250401,RGT67,143,143,867
RGT67_20250401,RGT67,144,144,868
RGT67_20250401,RGT67,145,145,869
RGT67_20250401,RGT67,146,146,870
RGT67_20250401,RGT67,147,147,871
RGT67_20250401,RGT67,148,148,872
RGT67_20250401,RGT67,149,149,873
RGT67_20250401,RGT67,150,150,874
RGT67_20250401,RGT67,151,151,875
RGT67_20250401,RGT67,152,152,876
RGT67_20250401,RGT67,153,153,877
RGT67_20250401,RGT67,154,154,878
RGT67_20250401,RGT67,155,155,879
RGT67_20250401,RGT67,156,156,880
RGT67_20250401,RGT67,157,157,881
RGT67_20250401,RGT67,158,158,882
RGT67_20250401,RGT67,159,159,883
RGT67_20250410,RGT67,1,1,884
RGT67_20250410,RGT67,2,2,885
RGT67_20250410,RGT67,3,3,886
RGT67_20250410,RGT67,4,4,887
RGT67_20250410,RGT67,5,5,888
RGT67_20250410,RGT67,6,6,889
RGT67_20250410,RGT67,7,7,890
RGT67_20250410,RGT67,8,8,891
RGT67_20250410,RGT67,9,9,892
RGT67_20250410,RGT67,10,10,893
RGT67_20250410,RGT67,11,11,894
RGT67_20250410,RGT67,12,12,895
RGT67_20250410,RGT67,13,13,896
RGT67_20250410,RGT67,14,14,897
RGT67_20250410,RGT67,15,15,898
RGT67_20250410,RGT67,16,16,899
RGT67_20250410,RGT67,17,17,900
RGT67_20250410,RGT67,18,18,901
RGT67_20250410,RGT67,19,19,902
RGT67_20250410,RGT67,20,20,903
RGT67_20250410,RGT67,21,21,904
RGT67_20250410,RGT67,22,22,905
RGT67_20250410,RGT67,23,23,906
RGT67_20250410,RGT67,24,24,907
RGT67_20250410,RGT67,25,25,908
RGT67_20250410,RGT67,26,26,909
RGT67_20250410,RGT67,27,27,910
RGT67_20250410,RGT67,28,28,911
RGT67_20250410,RGT67,29,29,912
RGT67_20250410,RGT67,30,30,913
RGT67_20250410,RGT67,31,31,914
RGT67_20250410,RGT67,32,32,915
RGT67_20250410,RGT67,33,33,916
RGT67_20250410,RGT67,34,34,917
RGT67_20250410,RGT67,35,35,918
RGT67_20250410,RGT67,36,36,919
RGT67_20250410,RGT67,37,37,920
RGT67_20250410,RGT67,38,38,921
RGT67_20250410,RGT67,39,39,922
RGT67_20250410,RGT67,40,40,923
RGT67_20250410,RGT67,41,41,924
RGT67_20250410,RGT67,42,42,925
RGT67_20250410,RGT67,43,43,926
RGT67_20250410,RGT67,44,44,927
RGT67_20250410,RGT67,45,45,928
RGT67_20250410,RGT67,46,46,929
RGT67_20250410,RGT67,47,47,930
RGT67_20250410,RGT67,48,48,931
RGT67_20250410,RGT67,49,49,932
RGT67_20250410,RGT67,50,50,933
RGT67_20250410,RGT67,51,51,934
RGT67_20250410,RGT67,52,52,935
RGT67_20250410,RGT67,53,53,936
RGT67_20250410,RGT67,54,54,937
RGT67_20250410,RGT67,55,55,938
RGT67_20250410,RGT67,56,56,939
RGT67_20250410,RGT67,57,57,940
RGT67_20250410,RGT67,58,58,941
RGT67_20250410,RGT67,59,59,942
RGT67_20250410,RGT67,60,60,943
RGT67_20250410,RGT67,61,61,944
RGT67_20250410,RGT67,62,62,945
RGT67_20250410,RGT67,63,63,946
RGT67_20250410,RGT67,64,64,947
RGT67_20250410,RGT67,65,65,948
RGT67_20250410,RGT67,66,66,949
RGT67_20250410,RGT67,67,67,950
RGT67_20250410,RGT67,68,68,951
RGT67_20250410,RGT67,69,69,952
RGT67_20250410,RGT67,70,70,953
RGT67_20250410,RGT67,71,71,954
RGT67_20250410,RGT67,72,72,955
RGT67_20250410,RGT67,73,73,956
RGT67_20250410,RGT67,74,74,957
RGT67_20250410,RGT67,75,75,958
RGT67_20250410,RGT67,76,76,959
RGT67_20250410,RGT67,77,77,960
RGT67_20250410,RGT67,78,78,961
RGT67_20250410,RGT67,79,79,962
RGT67_20250410,RGT67,80,80,963
RGT67_20250410,RGT67,81,81,964
RGT67_20250410,RGT67,82,82,965
RGT67_20250410,RGT67,83,83,966
RGT67_20250410,RGT67,84,84,967
RGT67_20250410,RGT67,85,85,968
RGT67_20250410,RGT67,86,86,969
RGT67_20250410,RGT67,87,87,970
RGT67_20250410,RGT67,88,88,971
RGT67_20250410,RGT67,89,89,972
RGT67_20250410,RGT67,90,90,973
RGT67_20250410,RGT67,91,91,974
RGT67_20250410,RGT67,92,92,975
RGT67_20250410,RGT67,93,93,976
RGT67_20250410,RGT67,94,94,977
RGT67_20250410,RGT67,95,95,978
RGT67_20250410,RGT67,96,96,979
RGT67_20250410,RGT67,97,97,980
RGT67_20250410,RGT67,98,98,981
RGT67_20250410,RGT67,99,99,982
RGT67_20250410,RGT67,100,100,983
RGT67_20250410,RGT67,101,101,984
RGT67_20250410,RGT67,102,102,985
RGT67_20250410,RGT67,103,103,986
RGT67_20250410,RGT67,104,104,987
RGT67_20250410,RGT67,105,105,988
RGT67_20250410,RGT67,106,106,989
RGT67_20250410,RGT67,107,107,990
RGT67_20250410,RGT67,108,108,991
RGT67_20250410,RGT67,109,109,992
RGT67_20250410,RGT67,110,110,993
RGT67_20250410,RGT67,111,111,994
RGT67_20250410,RGT67,112,112,995
RGT67_20250410,RGT67,113,113,996
RGT67_20250410,RGT67,114,114,997
RGT67_20250410,RGT67,115,115,998
RGT67_20250410,RGT67,116,116,999
RGT67_20250410,RGT67,117,117,1000
RGT67_20250410,RGT67,118,118,1001
RGT67_20250410,RGT67,119,119,1002
RGT67_20250410,RGT67,120,120,1003
RGT67_20250410,RGT67,121,121,1004
RGT67_20250410,RGT67,122,122,1005
RGT67_20250410,RGT67,123,123,1006
RGT67_20250410,RGT67,124,124,1007
RGT67_20250410,RGT67,125,125,1008
RGT67_20250410,RGT67,126,126,1009
RGT67_20250410,RGT67,127,127,1010
RGT67_20250410,RGT67,128,128,1011
RGT67_20250410,RGT67,129,129,1012
RGT67_20250410,RGT67,130,130,1013
RGT67_20250410,RGT67,131,131,1014
RGT67_20250410,RGT67,132,132,1015
RGT67_20250410,RGT67,133,133,1016
RGT67_20250410,RGT67,134,134,1017
RGT67_20250410,RGT67,135,135,1018
RGT67_20250410,RGT67,136,136,1019
RGT67_20250410,RGT67,137,137,1020
RGT67_20250410,RGT67,138,138,1021
RGT67_20250410,RGT67,139,139,1022
RGT67_20250410,RGT67,140,140,1023
RGT67_20250410,RGT67,141,141,1024
RGT67_20250410,RGT67,142,142,1025
RGT67_20250410,RGT67,143,143,1026
RGT67_20250410,RGT67,144,144,1027
RGT67_20250410,RGT67,145,145,1028
RGT67_20250410,RGT67,146,146,1029
RGT67_20250410,RGT67,147,147,1030
RGT67_20250410,RGT67,148,148,1031
RGT67_20250410,RGT67,149,149,1032
RGT67_20250410,RGT67,150,150,1033
RGT67_20250410,RGT67,151,151,1034
RGT67_20250410,RGT67,152,152,1035
RGT67_20250410,RGT67,153,153,1036
RGT67_20250410,RGT67,154,154,1037
RGT67_20250410,RGT67,155,155,1038
RGT67_20250410,RGT67,156,156,1039
RGT67_20250410,RGT67,157,157,1040
RGT67_20250410,RGT67,158,158,1041
RGT67_20250410,RGT67,159,159,1042
RGT67_20250410,RGT67,160,160,1043
RGT67_20250410,RGT67,161,161,1044
RGT67_20250410,RGT67,162,162,1045
RGT67_20250410,RGT67,163,163,1046
RGT67_20250410,RGT67,164,164,1047
RGT67_20250410,RGT67,165,165,1048
RGT67_20250410,RGT67,166,166,1049
RGT67_20250410,RGT67,167,167,1050
RGT67_20250410,RGT67,168,168,1051
RGT67_20250410,RGT67,169,169,1052
RGT67_20250410,RGT67,170,170,1053
RGT67_20250410,RGT67,171,171,1054
RGT67_20250410,RGT67,172,172,1055
RGT67_20250410,RGT67,173,173,1056
RGT67_20250410,RGT67,174,174,1057
RGT67_20250410,RGT67,175,175,1058
RGT67_20250410,RGT67,176,176,1059
RGT67_20250410,RGT67,177,177,1060
RGT67_20250410,RGT67,178,178,1061
RGT67_20250410,RGT67,179,179,1062
RGT67_20250410,RGT67,180,180,1063
RGT67_20250410,RGT67,181,181,1064
RGT67_20250410,RGT67,182,182,1065
RGT67_20250410,RGT67,183,183,1066
RGT67_20250410,RGT67,184,184,1067
RGT67_20250410,RGT67,185,185,1068
RGT67_20250410,RGT67,186,186,1069
RGT67_20250410,RGT67,187,187,1070
RGT67_20250410,RGT67,188,188,1071
RGT67_20250410,RGT67,189,189,1072
RGT67_20250410,RGT67,190,190,1073
RGT67_20250410,RGT67,191,191,1074
RGT67_20250410,RGT67,192,192,1075
RGT67_20250410,RGT67,193,193,1076
RGT67_20250410,RGT67,194,194,1077
RGT67_20250410,RGT67,195,195,1078
RGT67_20250410,RGT67,196,196,1079
RGT67_20250410,RGT67,197,197,1080
RGT67_20250410,RGT67,198,198,1081
RGT67_20250410,RGT67,199,199,1082
RGT67_20250410,RGT67,200,200,1083
RGT67_20250410,RGT67,201,201,1084
RGT67_20250410,RGT67,202,202,1085
RGT67_20250410,RGT67,203,203,1086
RGT67_20250410,RGT67,204,204,1087
RGT67_20250410,RGT67,205,205,1088
RGT67_20250410,RGT67,206,206,1089
RGT67_20250410,RGT67,207,207,1090
RGT67_20250410,RGT67,208,208,1091
RGT67_20250410,RGT67,209,209,1092
RGT67_20250410,RGT67,210,210,1093
RGT67_20250410,RGT67,211,211,1094
RGT67_20250410,RGT67,212,212,1095
RGT67_20250410,RGT67,213,213,1096
RGT67_20250410,RGT67,214,214,1097
RGT67_20250410,RGT67,215,215,1098
RGT67_20250410,RGT67,216,216,1099
RGT67_20250410,RGT67,217,217,1100
RGT67_20250410,RGT67,218,218,1101
RGT67_20250410,RGT67,219,219,1102
RGT67_20250410,RGT67,220,220,1103
RGT67_20250410,RGT67,221,221,1104
RGT67_20250410,RGT67,222,222,1105
RGT67_20250410,RGT67,223,223,1106
RGT67_20250410,RGT67,224,224,1107
RGT67_20250410,RGT67,225,225,1108
RGT67_20250410,RGT67,226,226,1109
RGT67_20250410,RGT67,227,227,1110
RGT67_20250410,RGT67,228,228,1111
RGT67_20250410,RGT67,229,229,1112
RGT67_20250410,RGT67,230,230,1113
RGT67_20250410,RGT67,231,231,1114
RGT67_20250410,RGT67,232,232,1115
RGT67_20250410,RGT67,233,233,1116
RGT67_20250410,RGT67,234,234,1117
RGT67_20250410,RGT67,235,235,1118
RGT67_20250410,RGT67,236,236,1119
RGT67_20250410,RGT67,237,237,1120
RGT67_20250410,RGT67,238,238,1121
RGT67_20250410,RGT67,239,239,1122
RGT67_20250410,RGT67,240,240,1123
RGT67_20250410,RGT67,241,241,1124
RGT67_20250410,RGT67,242,242,1125
RGT67_20250410,RGT67,243,243,1126
RGT67_20250410,RGT67,244,244,1127
RGT67_20250410,RGT67,245,245,1128
RGT67_20250410,RGT67,246,246,1129
RGT67_20250410,RGT67,247,247,1130
RGT67_20250410,RGT67,248,248,1131
RGT67_20250410,RGT67,249,249,1132
RGT67_20250410,RGT67,250,250,1133
RGT67_20250410,RGT67,251,251,1134
RGT67_20250410,RGT67,252,252,1135
RGT67_20250410,RGT67,253,253,1136
RGT67_20250410,RGT67,254,254,1137
RGT67_20250410,RGT67,255,255,1138
RGT67_20250410,RGT67,256,256,1139
RGT67_20250410,RGT67,257,257,1140
RGT67_20250410,RGT67,258,258,1141
RGT67_20250410,RGT67,259,259,1142
RGT67_20250410,RGT67,260,260,1143
RGT67_20250410,RGT67,261,261,1144
RGT67_20250410,RGT67,262,262,1145
RGT67_20250410,RGT67,263,263,1146
RGT67_20250327,RGT67,1,1,1147
RGT67_20250327,RGT67,2,2,1148
RGT67_20250327,RGT67,3,3,1149
RGT67_20250327,RGT67,4,4,1150
RGT67_20250327,RGT67,5,5,1151
RGT67_20250327,RGT67,6,6,1152
RGT67_20250327,RGT67,7,7,1153
RGT67_20250327,RGT67,8,8,1154
RGT67_20250327,RGT67,9,9,1155
RGT67_20250327,RGT67,10,10,1156
RGT67_20250327,RGT67,11,11,1157
RGT67_20250327,RGT67,12,12,1158
RGT67_20250327,RGT67,13,13,1159
RGT67_20250327,RGT67,14,14,1160
RGT67_20250327,RGT67,15,15,1161
RGT67_20250327,RGT67,16,16,1162
RGT67_20250327,RGT67,17,17,1163
RGT67_20250327,RGT67,18,18,1164
RGT67_20250327,RGT67,19,19,1165
RGT67_20250327,RGT67,20,20,1166
RGT67_20250327,RGT67,21,21,1167
RGT67_20250327,RGT67,22,22,1168
RGT67_20250327,RGT67,23,23,1169
RGT67_20250327,RGT67,24,24,1170
RGT67_20250327,RGT67,25,25,1171
RGT67_20250327,RGT67,26,26,1172
RGT67_20250327,RGT67,27,27,1173
RGT67_20250327,RGT67,28,28,1174
RGT67_20250327,RGT67,29,29,1175
RGT67_20250327,RGT67,30,30,1176
RGT67_20250327,RGT67,31,31,1177
RGT67_20250327,RGT67,32,32,1178
RGT67_20250327,RGT67,33,33,1179
RGT67_20250327,RGT67,34,34,1180
RGT67_20250327,RGT67,35,35,1181
RGT67_20250327,RGT67,36,36,1182
RGT67_20250327,RGT67,37,37,1183
RGT67_20250327,RGT67,38,38,1184
RGT67_20250327,RGT67,39,39,1185
RGT67_20250327,RGT67,40,40,1186
RGT67_20250327,RGT67,41,41,1187
RGT67_20250327,RGT67,42,42,1188
RGT67_20250327,RGT67,43,43,1189
RGT67_20250327,RGT67,44,44,1190
RGT67_20250327,RGT67,45,45,1191
RGT67_20250327,RGT67,46,46,1192
RGT67_20250327,RGT67,47,47,1193
RGT67_20250327,RGT67,48,48,1194
RGT67_20250327,RGT67,49,49,1195
RGT67_20250327,RGT67,50,50,1196
RGT67_20250327,RGT67,51,51,1197
RGT67_20250327,RGT67,52,52,1198
RGT67_20250327,RGT67,53,53,1199
RGT67_20250327,RGT67,54,54,1200
RGT67_20250327,RGT67,55,55,1201
RGT67_20250327,RGT67,56,56,1202
RGT67_20250327,RGT67,57,57,1203
RGT67_20250327,RGT67,58,58,1204
RGT67_20250327,RGT67,59,59,1205
RGT67_20250327,RGT67,60,60,1206
RGT67_20250327,RGT67,61,61,1207
RGT67_20250327,RGT67,62,62,1208
RGT67_20250327,RGT67,63,63,1209
RGT67_20250327,RGT67,64,64,1210
RGT67_20250327,RGT67,65,65,1211
RGT67_20250327,RGT67,66,66,1212
RGT67_20250327,RGT67,67,67,1213
RGT67_20250327,RGT67,68,68,1214
RGT67_20250327,RGT67,69,69,1215
RGT67_20250327,RGT67,70,70,1216
RGT67_20250327,RGT67,71,71,1217
RGT67_20250327,RGT67,72,72,1218
RGT67_20250327,RGT67,73,73,1219
RGT67_20250327,RGT67,74,74,1220
RGT67_20250327,RGT67,75,75,1221
RGT67_20250327,RGT67,76,76,1222
RGT67_20250327,RGT67,77,77,1223
RGT67_20250327,RGT67,78,78,1224
RGT67_20250327,RGT67,79,79,1225
RGT67_20250327,RGT67,80,80,1226
RGT67_20250327,RGT67,81,81,1227
RGT67_20250327,RGT67,82,82,1228
RGT67_20250327,RGT67,83,83,1229
RGT67_20250327,RGT67,84,84,1230
RGT67_20250327,RGT67,85,85,1231
RGT67_20250327,RGT67,86,86,1232
RGT67_20250327,RGT67,87,87,1233
RGT67_20250327,RGT67,88,88,1234
RGT67_20250327,RGT67,89,89,1235
RGT67_20250327,RGT67,90,90,1236
RGT67_20250327,RGT67,91,91,1237
RGT67_20250327,RGT67,92,92,1238
RGT67_20250327,RGT67,93,93,1239
RGT67_20250327,RGT67,94,94,1240
RGT67_20250327,RGT67,95,95,1241
RGT67_20250327,RGT67,96,96,1242
RGT67_20250327,RGT67,97,97,1243
RGT67_20250327,RGT67,98,98,1244
RGT67_20250327,RGT67,99,99,1245
RGT67_20250327,RGT67,100,100,1246
RGT67_20250327,RGT67,101,101,1247
RGT67_20250327,RGT67,102,102,1248
RGT67_20250327,RGT67,103,103,1249
RGT67_20250327,RGT67,104,104,1250
RGT67_20250327,RGT67,105,105,1251
RGT67_20250327,RGT67,106,106,1252
RGT67_20250327,RGT67,107,107,1253
RGT67_20250327,RGT67,108,108,1254
RGT67_20250327,RGT67,109,109,1255
RGT67_20250327,RGT67,110,110,1256
RGT67_20250327,RGT67,111,111,1257
RGT67_20250327,RGT67,112,112,1258
RGT67_20250327,RGT67,113,113,1259
RGT67_20250327,RGT67,114,114,1260
RGT67_20250327,RGT67,115,115,1261
RGT67_20250327,RGT67,116,116,1262
RGT67_20250327,RGT67,117,117,1263
RGT67_20250327,RGT67,118,118,1264
RGT67_20250327,RGT67,119,119,1265
RGT67_20250327,RGT67,120,120,1266
RGT67_20250327,RGT67,121,121,1267
RGT67_20250327,RGT67,122,122,1268
RGT67_20250327,RGT67,123,123,1269
RGT67_20250327,RGT67,124,124,1270
RGT67_20250327,RGT67,125,125,1271
RGT67_20250327,RGT67,126,126,1272
RGT67_20250327,RGT67,127,127,1273
RGT67_20250327,RGT67,128,128,1274
RGT67_20250327,RGT67,129,129,1275
RGT67_20250327,RGT67,130,130,1276
RGT67_20250327,RGT67,131,131,1277
RGT67_20250327,RGT67,132,132,1278
RGT67_20250327,RGT67,133,133,1279
RGT67_20250327,RGT67,134,134,1280
RGT67_20250327,RGT67,135,135,1281
RGT67_20250327,RGT67,136,136,1282
RGT67_20250327,RGT67,137,137,1283
RGT67_20250327,RGT67,138,138,1284
RGT67_20250327,RGT67,139,139,1285
RGT67_20250327,RGT67,140,140,1286
RGT67_20250327,RGT67,141,141,1287
RGT67_20250327,RGT67,142,142,1288
RGT67_20250327,RGT67,143,143,1289
RGT67_20250327,RGT67,144,144,1290
